{
    "accuracy": 0.6890243902439024,
    "precision": 0.6612903225806451,
    "recall": 0.3360655737704918,
    "f1_score": 0.44565217391304346
}
